start-time,duration,end-time
118.031,3.1600000000000001,121.191
618.909,0.60799999999999998,619.517
704.209,2.8250000000000002,707.034
