start-time,duration,end-time
6856.46,1.1899999999999999,6857.65
6882.62,4.0,6886.62
7138.79,4.5499999999999998,7143.34
