Iteration, Path length, Time, Planning, 
0, 0, 0, 0
1, 0, 9.037479, 0.064937
2, 0.596115, 12.697979, 0.249447
3, 6.59725, 39.849651, 0.548572
4, 13.0954, 62.161826, 0.754467
5, 17.134, 77.482461, 1.25331
6, 19.502, 87.106439, 1.4598
7, 25.9957, 111.421783, 1.86735
8, 31.2018, 129.425363, 2.22727
9, 36.1122, 144.824947, 2.52361
10, 37.4199, 152.269596, 2.6153
11, 38.2364, 158.185674, 3.07996
12, 51.0286, 203.583246, 5.76771
13, 73.4519, 305.099921, 15.327
14, 92.5773, 378.140431, 16.8973
