start-time,duration,end-time
12.474,3.4910000000000001,15.965
71.776,2.258,74.034
290.504,2.1299999999999999,292.634
