Iteration, Path length, Time, Planning, 
0, 0, 0, 0
1, 0, 9.122970, 0.515601
2, 0.462381, 12.742937, 0.925726
3, 5.73864, 28.822576, 1.48095
4, 10.2266, 47.315614, 1.98362
5, 31.035, 120.088459, 4.08832
6, 36.2221, 140.620918, 4.74185
7, 59.4874, 222.100467, 7.3705
8, 71.3745, 262.179556, 8.25489
9, 87.5542, 320.506116, 9.2576
10, 108.214, 399.534977, 10.3685
11, 130.003, 476.016531, 10.9426
12, 163.113, 608.718006, 14.9988
13, 170.082, 634.638556, 15.4332
14, 176.428, 660.563327, 15.7874
