Iteration, Path length, Time, Planning, 
0, 0, 0, 0
1, 0, 9.400387, 0.800246
2, 0.1749, 15.369280, 1.15283
3, 5.72944, 34.388684, 1.79003
4, 10.2547, 51.919262, 2.28149
5, 18.1704, 85.096706, 3.04465
6, 24.4806, 110.771141, 4.25131
7, 31.4903, 136.757145, 4.82619
8, 36.1218, 154.102842, 5.72247
9, 41.8314, 174.310622, 6.45943
10, 47.6897, 200.401046, 7.39593
11, 52.5359, 219.986517, 7.76744
12, 58.0543, 238.742518, 8.11215
