start-time,duration,end-time
595.483,1.9510000000000001,597.434
838.923,0.73699999999999999,839.66
