start-time,duration,end-time
39.831,5.5819999999999999,45.413
93.278,2.4889999999999999,95.767
155.362,0.873,156.235
