start-time,duration,end-time
555.239,1.4810000000000001,556.72
571.705,5.2439999999999998,576.949
