start-time,duration,end-time
246.296,0.26900000000000002,246.565
318.295,0.73799999999999999,319.033
