Iteration, Path length, Time, Planning, 
0, 0, 0, 0
1, 0, 10.943718, 0.489771
2, 0.65996, 15.518162, 0.72277
3, 7.22059, 47.383804, 1.33657
4, 8.61922, 56.329690, 1.66574
5, 13.8972, 75.468724, 2.17732
6, 26.0265, 125.490983, 2.59873
7, 45.3447, 251.697551, 29.4962
8, 64.2141, 332.097250, 30.586
9, 89.2084, 450.955438, 38.6983
