start-time,duration,end-time
171.67,2.3399999999999999,174.01
174.94,0.86499999999999999,175.805
251.055,1.3999999999999999,252.455
461.56,0.77000000000000002,462.33
506.77,5.5750000000000002,512.345
