start-time,duration,end-time
36.669,2.2850000000000001,38.954
74.036,8.1370000000000005,82.173
144.965,0.067000000000000004,145.032
148.329,0.33700000000000002,148.666
