start-time,duration,end-time
58.293,2.6930000000000001,60.986
127.728,1.4099999999999999,129.138
