Time, Coverage (m3), Coverage (%), Free space, Occupied Space, Unmapped Space
0, 0, 0, 0, 0, 450
9.078656, 156.6, 34.8, 142.752, 13.848, 293.4
11.785017, 160.8, 35.7333, 146.328, 14.472, 289.2
30.804831, 207.32, 46.0711, 183.048, 24.272, 242.68
66.938091, 230.872, 51.3049, 200.208, 30.664, 219.128
98.316208, 257.936, 57.3191, 223.648, 34.288, 192.064
122.490781, 325.616, 72.3591, 279.064, 46.552, 124.384
159.444364, 348.312, 77.4027, 294.712, 53.6, 101.688
