Iteration, Path length, Time, Planning, 
0, 0, 0, 0
1, 0, 9.078656, 0.541015
2, 0.518954, 11.785017, 1.0961
3, 5.74465, 30.804831, 1.59771
4, 16.3306, 66.938091, 1.97524
5, 23.4682, 98.316208, 2.60812
6, 29.1698, 122.490781, 3.46217
7, 39.2314, 159.444364, 4.00498
