start-time,duration,end-time
301.2,0.56000000000000005,301.76
463.69,3.5499999999999998,467.24
676.85,5.2850000000000001,682.135
951.535,1.98,953.515
1026.27,0.495,1026.765
