start-time,duration,end-time
120.872,1.6220000000000001,122.494
215.415,2.4239999999999999,217.839
476.902,1.552,478.454
492.18,0.89700000000000002,493.077
