start-time,duration,end-time
635.4,0.83999999999999997,636.24
782.13,1.1200000000000001,783.25
