start-time,duration,end-time
265.235,0.070000000000000007,265.305
338.846,4.1829999999999998,343.029
