Time, Coverage (m3), Coverage (%), Free space, Occupied Space, Unmapped Space
0, 0, 0, 0, 0, 510
8.770979, 71.64, 14.0471, 56.824, 14.816, 438.36
14.385065, 79.536, 15.5953, 64.976, 14.56, 430.464
33.578394, 135.856, 26.6384, 113.552, 22.304, 374.144
61.670849, 227.16, 44.5412, 193.944, 33.216, 282.84
