start-time,duration,end-time
605.258,1.1719999999999999,606.43
644.865,1.8899999999999999,646.755
651.922,0.61699999999999999,652.539
888.438,2.2469999999999999,890.685
903.707,1.788,905.495
