start-time,duration,end-time
71.675,0.85499999999999998,72.53
78.77,3.9100000000000001,82.68
127.7,5.5,133.2
451.67,2.8250000000000002,454.495
575.985,0.64500000000000002,576.63
