Iteration, Path length, Time, Planning, 
0, 0, 0, 0
1, 0, 9.227221, 0.505212
2, 0.510544, 12.562755, 0.758715
3, 3.09001, 26.348637, 1.17863
4, 8.78921, 44.880129, 1.72235
5, 12.6501, 61.675624, 2.59356
6, 33.4962, 133.139689, 3.15574
7, 42.5833, 165.631580, 3.87696
8, 47.5795, 185.270812, 4.57497
9, 79.4011, 290.232742, 5.37557
