start-time,duration,end-time
99.001,2.5529999999999999,101.554
255.878,6.5919999999999996,262.47
327.42,3.2959999999999998,330.716
365.684,6.593,372.277
521.717,2.5569999999999999,524.274
