Time, Coverage (m3), Coverage (%), Free space, Occupied Space, Unmapped Space
0, 0, 0, 0, 0, 1627.5
10.767968, 89.936, 5.52602, 70.528, 19.408, 1537.56
15.760710, 99.952, 6.14144, 78, 21.952, 1527.55
45.107955, 131.136, 8.05751, 99.48, 31.656, 1496.36
69.095147, 133.512, 8.2035, 102.688, 30.824, 1493.99
113.570743, 171.536, 10.5398, 129.328, 42.208, 1455.96
147.165151, 205.608, 12.6334, 153.864, 51.744, 1421.89
1187.746408, 304.296, 18.6971, 232.88, 71.416, 1323.2
