start-time,duration,end-time
102.561,2.423,104.984
212.944,1.679,214.623
808.103,4.4359999999999999,812.539
935.686,11.026999999999999,946.713
