start-time,duration,end-time
28.753,3.0920000000000001,31.845
363.875,5.7080000000000002,369.583
