start-time,duration,end-time
41.349,3.2999999999999998,44.649
46.266,1.883,48.149
52.388,1.613,54.001
242.293,1.2090000000000001,243.502
