start-time,duration,end-time
24.845,1.1200000000000001,25.965
34.44,0.83999999999999997,35.28
