start-time,duration,end-time
302.483,0.26800000000000002,302.751
358.521,3.5289999999999999,362.05
