Iteration, Path length, Time, Planning, 
0, 0, 0, 0
1, 0, 8.588218, 0.275527
2, 0.671394, 13.159601, 0.606881
3, 6.17982, 34.410181, 1.15536
4, 17.3394, 79.964145, 21.9271
5, 52.5489, 205.960212, 25.1803
6, 57.9108, 223.940999, 25.8187
7, 80.9159, 303.661966, 26.5186
8, 99.5424, 441.365033, 98.333
9, 106.223, 469.054668, 98.8626
10, 111.18, 489.133642, 99.4026
