start-time,duration,end-time
50.508,4.3339999999999996,54.842
260.914,0.873,261.787
491.841,2.0209999999999999,493.862
592.046,3.702,595.748
