start-time,duration,end-time
388.163,4.4790000000000001,392.642
403.634,3.6930000000000001,407.327
433.935,2.6280000000000001,436.563
