start-time,duration,end-time
182.868,8.4719999999999995,191.34
753.358,3.4500000000000002,756.808
768.912,1.0489999999999999,769.961
791.242,3.0939999999999999,794.336
885.756,3.7410000000000001,889.497
