start-time,duration,end-time
39.912,1.8839999999999999,41.796
75.932,4.4379999999999997,80.37
