start-time,duration,end-time
149.48,2.5249999999999999,152.005
228.67,3.125,231.795
320.965,2.9700000000000002,323.935
854.49,1.4099999999999999,855.9
