start-time,duration,end-time
156.813,3.4279999999999999,160.241
197.678,2.75,200.428
1108.987,2.4199999999999999,1111.407
