Iteration, Path length, Time, Planning, 
0, 0, 0, 0
1, 0, 10.971231, 0.242511
2, 0.158498, 12.450769, 0.380014
3, 3.43572, 27.916056, 0.824138
4, 8.23382, 46.716975, 1.5997
5, 14.5312, 77.673625, 2.11709
6, 37.9153, 181.591174, 3.90468
7, 52.5894, 252.289782, 6.10945
8, 59.3065, 283.051873, 6.96814
9, 67.8871, 323.807337, 7.61301
10, 75.9909, 361.373999, 8.60517
