start-time,duration,end-time
72.199,5.0110000000000001,77.21
123.409,17.303000000000001,140.712
445.175,3.1360000000000001,448.311
