start-time,duration,end-time
237.096,0.20200000000000001,237.298
240.487,0.26800000000000002,240.755
