start-time,duration,end-time
52.172,7.5309999999999997,59.703
279.487,1.1419999999999999,280.629
613.033,2.2850000000000001,615.318
880.762,6.6619999999999999,887.424
