start-time,duration,end-time
85.231,1.1439999999999999,86.375
96.111,4.0599999999999996,100.171
126.293,2.4540000000000002,128.747
168.231,3.9470000000000001,172.178
