start-time,duration,end-time
30.744,2.9569999999999999,33.701
39.01,1.2769999999999999,40.287
80.019,2.8900000000000001,82.909
