start-time,duration,end-time
493.771,1.2190000000000001,494.99
764.579,2.6320000000000001,767.211
828.392,2.641,831.033
855.841,3.073,858.914
924.143,0.67800000000000005,924.821
