start-time,duration,end-time
75.19,0.88700000000000001,76.077
136.208,0.40200000000000002,136.61
142.309,3.9529999999999998,146.262
613.554,3.919,617.473
