start-time,duration,end-time
693.004,1.1539999999999999,694.158
709.584,1.8180000000000001,711.402
725.904,3.3180000000000001,729.222
743.654,1.681,745.335
