Iteration, Path length, Time, Planning, 
0, 0, 0, 0
1, 0, 9.257791, 0.070413
2, 0.413526, 13.351541, 0.230945
3, 14.7376, 74.018180, 7.88822
4, 21.0802, 97.129850, 8.4797
5, 27.0199, 124.056776, 9.02153
6, 32.2175, 146.086693, 10.1174
7, 38.6742, 169.008152, 10.5637
8, 45.0993, 193.579744, 11.3293
9, 50.5809, 216.531728, 12.1631
10, 53.9282, 231.977874, 12.7737
11, 66.6014, 278.253588, 13.3348
12, 80.8772, 330.180734, 13.9759
13, 84.0989, 344.093890, 14.2432
14, 101.324, 408.770458, 15.7744
