Iteration, Path length, Time, Planning, 
0, 0, 0, 0
1, 0, 9.425946, 0.273416
2, 0.516323, 13.635256, 0.540591
3, 5.59847, 29.938274, 1.01228
4, 40.1783, 579.981729, 421.016
5, 66.6041, 673.398807, 423.399
6, 73.6115, 699.782917, 424.38
7, 110.995, 832.505211, 426.6
8, 116.591, 853.241555, 427.183
9, 124.154, 879.547321, 427.829
10, 139.582, 934.801507, 428.493
11, 148.223, 968.915891, 428.872
12, 157.269, 1000.456553, 429.321
13, 169.218, 1040.651705, 429.753
