start-time,duration,end-time
13.346,3.5630000000000002,16.909
87.661,2.1539999999999999,89.815
