Time, Coverage (m3), Coverage (%), Free space, Occupied Space, Unmapped Space
0, 0, 0, 0, 0, 1627.5
10.687520, 106.576, 6.54845, 89.088, 17.488, 1520.92
16.655526, 111.512, 6.85174, 94.568, 16.944, 1515.99
36.704205, 162.12, 9.96129, 143.568, 18.552, 1465.38
54.605684, 179.96, 11.0575, 161.328, 18.632, 1447.54
106.466823, 216.304, 13.2906, 182.848, 33.456, 1411.2
124.701938, 246.08, 15.1201, 207.624, 38.456, 1381.42
237.865152, 349.384, 21.4675, 289.808, 59.576, 1278.12
