start-time,duration,end-time
62.48,3.3799999999999999,65.86
68.62,4.1050000000000004,72.725
85.42,2.7000000000000002,88.12
118.27,2.3999999999999999,120.67
221.445,4.7450000000000001,226.19
