start-time,duration,end-time
463.707,2.4980000000000002,466.205
487.856,0.13400000000000001,487.99
620.405,0.13400000000000001,620.539
