start-time,duration,end-time
134.543,1.6140000000000001,136.157
168.554,1.0800000000000001,169.634
