Iteration, Path length, Time, Planning, 
0, 0, 0, 0
1, 0, 8.796150, 0.149946
2, 0.68676, 13.651190, 0.264586
3, 2.68782, 25.141537, 0.46657
4, 7.59081, 41.541815, 0.977378
5, 13.0364, 61.842047, 1.58032
6, 13.8452, 65.249595, 1.97012
7, 19.0006, 83.329355, 2.61815
8, 23.9559, 101.178015, 3.23052
9, 28.1526, 117.270161, 3.95516
10, 45.9989, 221.505016, 34.2464
11, 52.6356, 246.407259, 34.4221
12, 59.8439, 289.095368, 38.5399
13, 68.4159, 326.789582, 38.9421
