Iteration, Path length, Time, Planning, 
0, 0, 0, 0
1, 0, 9.662056, 0.483089
2, 1.87554, 19.577324, 1.30394
3, 7.62042, 40.341542, 2.1381
4, 15.003, 65.916336, 2.68379
5, 27.2863, 109.435388, 3.34407
6, 33.2206, 132.633858, 4.12812
7, 45.4585, 175.848425, 4.86604
8, 50.5728, 197.144638, 5.41018
9, 76.1738, 286.265487, 5.76065
10, 83.2412, 309.648524, 6.45593
11, 113.203, 416.830931, 7.87133
