start-time,duration,end-time
247.927,1.147,249.074
263.229,1.1559999999999999,264.385
266.065,0.40400000000000003,266.469
274.636,1.016,275.652
