start-time,duration,end-time
146.225,5.6550000000000002,151.88
938.235,1.2909999999999999,939.526
