start-time,duration,end-time
8.348,0.13400000000000001,8.482
51.784,2.2189999999999999,54.003
151.343,1.145,152.488
174.469,1.21,175.679
