start-time,duration,end-time
239.373,1.411,240.784
244.383,1.014,245.397
271.895,2.5680000000000001,274.463
277.615,0.54300000000000004,278.158
