Iteration, Path length, Time, Planning, 
0, 0, 0, 0
1, 0, 9.194305, 0.153311
2, 0.599749, 11.617404, 0.302521
3, 7.10392, 41.475154, 0.986114
4, 9.49808, 53.787273, 1.34309
5, 17.5634, 83.873575, 1.97926
6, 23.6065, 105.834340, 2.76818
7, 26.3394, 118.470981, 3.10629
8, 27.2741, 124.071317, 3.82293
9, 33.5331, 147.618555, 4.30696
10, 53.1168, 306.291990, 91.6959
