start-time,duration,end-time
102.779,2.0880000000000001,104.867
116.303,2.96,119.263
128.747,0.67400000000000004,129.421
213.722,2.423,216.145
