start-time,duration,end-time
29.795,3.0960000000000001,32.891
90.406,3.633,94.039
96.722,1.8819999999999999,98.604
