start-time,duration,end-time
45.345,1.4239999999999999,46.769
48.449,1.694,50.143
318.314,0.40200000000000002,318.716
318.783,0.067000000000000004,318.85
