start-time,duration,end-time
22.296,3.4289999999999998,25.725
69.45,1.748,71.198
85.655,2.0099999999999998,87.665
103.803,4.1630000000000003,107.966
117.313,2.149,119.462
