start-time,duration,end-time
157.7,3.7549999999999999,161.455
573.825,1.2,575.025
620.44,1.6299999999999999,622.07
854.4,2.3300000000000001,856.73
