start-time,duration,end-time
704.06,1.6100000000000001,705.67
735.235,2.915,738.15
941.725,0.56499999999999995,942.29
