Iteration, Path length, Time, Planning, 
0, 0, 0, 0
1, 0, 9.368178, 0.124208
2, 0.385363, 15.860251, 0.26916
3, 1.72635, 24.887466, 0.349546
4, 2.75051, 34.004543, 0.533903
5, 13.5814, 77.383008, 1.29441
6, 26.7141, 131.007100, 6.63934
7, 38.9042, 176.387435, 7.33805
8, 48.2665, 216.024363, 7.45214
9, 53.1534, 234.863013, 7.78946
10, 54.4396, 241.996782, 8.03123
