start-time,duration,end-time
170.209,3.641,173.85
691.723,4.5039999999999996,696.227
864.792,6.3230000000000004,871.115
