start-time,duration,end-time
242.564,2.7690000000000001,245.333
288.738,1.1759999999999999,289.914
432.629,1.0980000000000001,433.727
