Iteration, Path length, Time, Planning, 
0, 0, 0, 0
1, 0, 9.978446, 0.566093
2, 0.185382, 14.949412, 0.925215
3, 5.05205, 30.427127, 1.63114
4, 11.9494, 56.498011, 2.36384
5, 17.1898, 75.641833, 2.99357
6, 21.3494, 93.408511, 3.37227
7, 27.6822, 114.716529, 4.0901
8, 49.0382, 190.944726, 4.72444
9, 56.5531, 224.983931, 5.66268
10, 102.706, 390.898325, 7.7533
11, 119.167, 456.160886, 8.71969
12, 126.911, 489.579000, 9.23516
13, 135.667, 519.851919, 9.73313
14, 145.996, 559.288947, 10.4991
