start-time,duration,end-time
22.923000000000002,11.561999999999999,34.485
