start-time,duration,end-time
66.399,0.26800000000000002,66.667
80.726,2.218,82.944
87.118,2.2869999999999999,89.405
