start-time,duration,end-time
31.144,3.5129999999999999,34.657
372.645,1.6200000000000001,374.265
