start-time,duration,end-time
56.195,0.80500000000000005,57.0
96.3,0.13400000000000001,96.434
