start-time,duration,end-time
234.61,4.1600000000000001,238.77
292.24,2.6949999999999998,294.935
973.28,3.2599999999999998,976.54
