start-time,duration,end-time
246.54,4.6369999999999996,251.177
284.68,1.9530000000000001,286.633
293.962,1.6779999999999999,295.64
