start-time,duration,end-time
124.157,3.0270000000000001,127.184
213.197,0.33500000000000002,213.532
