start-time,duration,end-time
99.733,2.2210000000000001,101.954
273.294,0.067000000000000004,273.361
275.119,0.60499999999999998,275.724
389.534,2.1059999999999999,391.64
402.919,2.1680000000000001,405.087
