start-time,duration,end-time
40.355,0.20999999999999999,40.565
105.18,4.4800000000000004,109.66
132.27,5.7450000000000001,138.015
