start-time,duration,end-time
397.565,0.61699999999999999,398.182
440.262,4.4930000000000003,444.755
1141.04,4.7439999999999998,1145.784
