start-time,duration,end-time
1110.849,0.20100000000000001,1111.05
1134.801,0.53800000000000003,1135.339
1137.153,0.54300000000000004,1137.696
