Iteration, Path length, Time, Planning, 
0, 0, 0, 0
1, 0, 8.703297, 0.073215
2, 1.16726, 14.770515, 0.271506
3, 12.842, 54.675919, 0.789699
4, 17.2501, 69.658884, 1.01613
5, 25.8226, 103.379455, 1.60672
6, 32.1334, 128.483049, 2.38816
7, 38.9849, 155.195768, 3.18166
8, 43.9836, 171.565147, 3.5873
9, 49.2958, 195.835786, 4.33783
10, 55.9481, 226.528387, 5.09199
11, 76.2164, 295.396131, 5.5551
12, 83.0804, 323.204812, 6.29425
13, 92.8707, 361.425728, 7.0308
12, 107.158, 416.836607, 7.030797
