start-time,duration,end-time
66.605,2.7349999999999999,69.34
117.735,4.7050000000000001,122.44
125.105,5.3899999999999997,130.495
